chromosome_arm,armtoken_true_r2_mean,armtoken_true_r2_sd,armtoken_true_r2_n,armtoken_pearson_r2_mean,armtoken_pearson_r2_sd,armtoken_pearson_r2_n,armtoken_rmse_mean,armtoken_rmse_sd,armtoken_rmse_n,armtoken_contraction_mean,armtoken_contraction_sd,armtoken_contraction_n,armtoken_coverage_95_mean,armtoken_coverage_95_sd,armtoken_coverage_95_n,armtoken_sbc_ks_p_mean,armtoken_sbc_ks_p_sd,armtoken_sbc_ks_p_n,cloneatt_true_r2_mean,cloneatt_true_r2_sd,cloneatt_true_r2_n,cloneatt_pearson_r2_mean,cloneatt_pearson_r2_sd,cloneatt_pearson_r2_n,cloneatt_rmse_mean,cloneatt_rmse_sd,cloneatt_rmse_n,cloneatt_contraction_mean,cloneatt_contraction_sd,cloneatt_contraction_n,cloneatt_coverage_95_mean,cloneatt_coverage_95_sd,cloneatt_coverage_95_n,cloneatt_sbc_ks_p_mean,cloneatt_sbc_ks_p_sd,cloneatt_sbc_ks_p_n,clonemlp_true_r2_mean,clonemlp_true_r2_sd,clonemlp_true_r2_n,clonemlp_pearson_r2_mean,clonemlp_pearson_r2_sd,clonemlp_pearson_r2_n,clonemlp_rmse_mean,clonemlp_rmse_sd,clonemlp_rmse_n,clonemlp_contraction_mean,clonemlp_contraction_sd,clonemlp_contraction_n,clonemlp_coverage_95_mean,clonemlp_coverage_95_sd,clonemlp_coverage_95_n,clonemlp_sbc_ks_p_mean,clonemlp_sbc_ks_p_sd,clonemlp_sbc_ks_p_n,dominantclone_true_r2_mean,dominantclone_true_r2_sd,dominantclone_true_r2_n,dominantclone_pearson_r2_mean,dominantclone_pearson_r2_sd,dominantclone_pearson_r2_n,dominantclone_rmse_mean,dominantclone_rmse_sd,dominantclone_rmse_n,dominantclone_contraction_mean,dominantclone_contraction_sd,dominantclone_contraction_n,dominantclone_coverage_95_mean,dominantclone_coverage_95_sd,dominantclone_coverage_95_n,dominantclone_sbc_ks_p_mean,dominantclone_sbc_ks_p_sd,dominantclone_sbc_ks_p_n
1p,0.826875,0.00636564,3,0.82778,0.00581997,3,0.0829581,0.00152644,3,0.819782,0.0155165,3,0.939068,0.00788269,3,0.172455,0.236022,3,0.388659,0.217029,2,0.397308,0.210711,2,0.154655,0.0278982,2,0.379458,0.269605,2,0.946236,0.0130341,2,0.00919606,0.00190924,2,0.180003,0.0536512,3,0.189151,0.0628915,3,0.180501,0.00588736,3,0.181749,0.0308743,3,0.953917,0.006144,3,0.338667,0.46783,3,0.305951,0.167439,3,0.32309,0.169085,3,0.165309,0.0200833,3,0.267833,0.157778,3,0.950333,0.0102282,3,0.0085772,0.0087892,3
1q,0.834635,0.00170282,3,0.837406,0.00409539,3,0.0837488,0.000431609,3,0.805687,0.0227657,3,0.951357,0.00846011,3,0.00921467,0.0107544,3,0.467217,0.0143217,2,0.481213,0.00913723,2,0.150319,0.0020202,2,0.489014,0.00193747,2,0.940092,0.0130341,2,0.00155253,0.00182944,2,0.235289,0.0607292,3,0.243468,0.0584241,3,0.180005,0.00710858,3,0.168005,0.0498863,3,0.949309,0.00703927,3,0.0632954,0.0649885,3,0.290341,0.0539769,3,0.304924,0.0521031,3,0.173409,0.00665274,3,0.251865,0.0637114,3,0.94214,0.00757748,3,0.327459,0.421038,3
2p,0.865319,0.00250034,3,0.867152,0.00267534,3,0.0743975,0.000690119,3,0.877978,0.0134491,3,0.921659,0.0121926,3,0.000891221,0.000760858,3,0.507874,0.159438,2,0.51691,0.152086,2,0.141269,0.0231924,2,0.522054,0.138932,2,0.94086,0.00977575,2,0.0237785,0.0336144,2,0.167204,0.0599596,3,0.188138,0.0486898,3,0.184925,0.00673096,3,0.16231,0.071475,3,0.94214,0.00539478,3,0.285369,0.252476,3,0.351195,0.0664933,3,0.369467,0.0660934,3,0.16315,0.00845801,3,0.268074,0.0750668,3,0.949821,0.00539473,3,0.401489,0.425581,3
2q,0.782946,0.00220263,3,0.78483,0.00100954,3,0.0931219,0.000472103,3,0.769362,0.0222013,3,0.940092,0.0151288,3,0.249172,0.256445,3,0.344935,0.041633,2,0.34783,0.0432212,2,0.161735,0.00514208,2,0.348432,0.0278034,2,0.947773,0.00434517,2,0.0952721,0.125637,2,0.258718,0.0859613,3,0.26217,0.0871797,3,0.171903,0.00989828,3,0.253601,0.0763036,3,0.946748,0.00788269,3,0.185643,0.242635,3,0.233008,0.0398959,3,0.243815,0.0414399,3,0.175013,0.0045521,3,0.158375,0.0512634,3,0.953917,0.0076805,3,0.125066,0.144841,3
3p,0.889479,0.000904131,3,0.891365,0.00293032,3,0.069522,0.000284286,3,0.875295,0.0135828,3,0.944188,0.00846011,3,0.0608281,0.0758361,3,0.575381,0.0859601,2,0.591493,0.0789386,2,0.135919,0.0138296,2,0.56655,0.11723,2,0.943164,0.0108619,2,1.5867e-05,1.08984e-05,2,0.145491,0.0905286,3,0.147178,0.0902643,3,0.193126,0.0104046,3,0.102107,0.0450495,3,0.943676,0.00493812,3,0.273624,0.262209,3,0.33815,0.0408224,3,0.34809,0.0399048,3,0.170075,0.00529119,3,0.235904,0.0394656,3,0.955965,0.00354724,3,0.529995,0.4326,3
3q,0.851988,0.00205695,3,0.853886,0.00387443,3,0.0750793,0.000521821,3,0.82865,0.0161617,3,0.953917,0.006144,3,0.373752,0.335059,3,0.414435,0.134374,2,0.422812,0.123813,2,0.148841,0.0171912,2,0.453886,0.118602,2,0.948541,0.011948,2,0.0501985,0.0709051,2,0.204318,0.0707301,3,0.220106,0.0655722,3,0.173962,0.00784341,3,0.186567,0.0458616,3,0.956477,0.00692669,3,0.0769265,0.107951,3,0.194584,0.0494528,3,0.202928,0.0536512,3,0.175085,0.00542672,3,0.180839,0.0468146,3,0.954429,0.00709448,3,0.233138,0.39548,3
4p,0.918469,0.00193514,3,0.919209,0.00224967,3,0.0586887,0.000694827,3,0.907659,0.0087187,3,0.932924,0.0151544,3,0.291518,0.292616,3,0.728162,0.0108612,2,0.730376,0.0110309,2,0.107158,0.00214112,2,0.71317,0.000267286,2,0.943164,0.00868964,2,0.172979,0.0233883,2,0.344221,0.155327,3,0.349357,0.158069,3,0.165679,0.0196286,3,0.259938,0.186633,3,0.959037,0.00386605,3,0.359022,0.423332,3,0.227806,0.0423098,3,0.237827,0.0362325,3,0.180579,0.00491153,3,0.107979,0.0555291,3,0.951357,0.00620767,3,0.424218,0.482674,3
4q,0.80886,0.00556865,3,0.811012,0.00556496,3,0.090785,0.00131728,3,0.771112,0.0238691,3,0.939068,0.00620767,3,0.0903436,0.0674649,3,0.445891,0.0689818,2,0.448858,0.0671412,2,0.154435,0.0096315,2,0.421976,0.0864424,2,0.949309,0.00217223,2,0.369908,0.327281,2,0.236589,0.0211919,3,0.24149,0.0177831,3,0.181434,0.00252371,3,0.172954,0.0346591,3,0.945724,0.00443463,3,0.412767,0.35694,3,0.186006,0.0346061,3,0.191141,0.038288,3,0.187333,0.00396321,3,0.110029,0.0265863,3,0.943676,0.00757748,3,0.503009,0.161939,3
5p,0.925777,0.0017306,3,0.926519,0.00196218,3,0.0556796,0.000648277,3,0.922688,0.00766411,3,0.928315,0.0192063,3,0.278495,0.246094,3,0.671417,0.0613571,2,0.686408,0.0413749,2,0.1169,0.0109623,2,0.710402,0.0397069,2,0.918587,0.00217223,2,0.00484127,0.00684658,2,0.294773,0.00993116,3,0.299985,0.0109925,3,0.171634,0.00120599,3,0.280894,0.0186361,3,0.945724,0.0046931,3,0.0399495,0.0295901,3,0.19233,0.0732107,3,0.204122,0.0776577,3,0.183556,0.00825838,3,0.151566,0.0759962,3,0.953917,0.00553813,3,0.0951535,0.0694325,3
5q,0.830088,0.00328933,3,0.832874,0.0026197,3,0.0836878,0.00080888,3,0.808373,0.0206544,3,0.947773,0.00553854,3,0.0659262,0.112252,3,0.274983,0.119018,2,0.288295,0.136972,2,0.172585,0.0142143,2,0.373255,0.159878,2,0.920123,0.0195515,2,0.117368,0.165983,2,0.226546,0.0624815,3,0.228128,0.0608529,3,0.178462,0.0072039,3,0.206185,0.0705854,3,0.941628,0.00553854,3,0.384386,0.365203,3,0.308632,0.0521157,3,0.320834,0.0544961,3,0.168738,0.00634089,3,0.252433,0.0449075,3,0.946236,0.00266101,3,0.309396,0.516674,3
6p,0.897707,0.00687357,3,0.898896,0.006582,3,0.0624505,0.00211293,3,0.906033,0.0124029,3,0.930364,0.0119314,3,0.249026,0.382039,3,0.550394,0.131157,2,0.552636,0.128965,2,0.130271,0.0192078,2,0.641193,0.116422,2,0.927035,0.00325835,2,0.0330812,0.00448695,2,0.288882,0.131188,3,0.293091,0.128717,3,0.164251,0.015234,3,0.275198,0.117514,3,0.940604,0.00088681,3,0.133337,0.1783,3,0.253794,0.131544,3,0.258104,0.131879,3,0.168273,0.0153151,3,0.179512,0.116517,3,0.958013,0.00925909,3,0.232673,0.217216,3
6q,0.857754,0.00515154,3,0.867733,0.00308893,3,0.0755072,0.00137282,3,0.826013,0.0220589,3,0.959549,0.00925909,3,1.88326e-05,3.20869e-05,3,0.444601,0.304819,2,0.445414,0.304375,2,0.146264,0.0417737,2,0.478208,0.288217,2,0.945469,0.00108682,2,0.16602,0.228714,2,0.178772,0.113824,3,0.184221,0.113853,3,0.181166,0.0123617,3,0.156263,0.111549,3,0.952893,0.0058152,3,0.251313,0.15139,3,0.203367,0.104563,3,0.217371,0.108391,3,0.178452,0.0117461,3,0.132559,0.0903364,3,0.963645,0.00620825,3,0.399759,0.358286,3
7p,0.906293,0.00216119,3,0.908175,0.00125029,3,0.0614731,0.000709563,3,0.907307,0.00880155,3,0.93702,0.0119971,3,0.0304063,0.0524982,3,0.629046,0.076352,2,0.629849,0.0767303,2,0.121988,0.0126211,2,0.638294,0.0804157,2,0.937788,0.00543058,2,0.285453,0.299953,2,0.257445,0.115826,3,0.26122,0.11338,3,0.172715,0.0132765,3,0.188805,0.0831095,3,0.943164,0.00266101,3,0.462919,0.381583,3,0.152541,0.0375674,3,0.156911,0.0357244,3,0.184845,0.00410744,3,0.111233,0.0371954,3,0.94214,0.00234628,3,0.664538,0.217542,3
7q,0.866809,0.000782068,3,0.870092,0.00415816,3,0.0706555,0.000207535,3,0.850087,0.0164846,3,0.946749,0.011529,3,0.376144,0.362461,3,0.379275,0.113143,2,0.385316,0.119835,2,0.152214,0.0139307,2,0.378323,0.128637,2,0.950845,0.00217223,2,0.425617,0.588538,2,0.193393,0.0912744,3,0.197118,0.0901616,3,0.173687,0.00994437,3,0.169688,0.0781792,3,0.955965,0.00539478,3,0.201948,0.275849,3,0.167131,0.00930242,3,0.170507,0.00784302,3,0.176683,0.000988466,3,0.143957,0.029737,3,0.953405,0.00620767,3,0.402436,0.32996,3
8p,0.915035,0.00153854,3,0.915621,0.00216557,3,0.0579434,0.000523358,3,0.924181,0.0116914,3,0.923195,0.0302187,3,0.216654,0.374227,3,0.576466,0.104583,2,0.588272,0.119913,2,0.128874,0.0160344,2,0.654537,0.174395,2,0.914747,0.0380162,2,0.185571,0.262437,2,0.349298,0.156818,3,0.368041,0.149959,3,0.159554,0.0196232,3,0.325464,0.167891,3,0.952381,0.00669584,3,0.133333,0.230341,3,0.14758,0.0150173,3,0.153049,0.0147144,3,0.183532,0.0016212,3,0.0937106,0.0565417,3,0.958013,0.0046931,3,0.477517,0.417299,3
8q,0.862856,0.00709505,3,0.867895,0.0045594,3,0.0714624,0.00186325,3,0.845214,0.0228252,3,0.956477,0.0149194,3,0.00389556,0.00576281,3,0.401786,0.0783785,2,0.412591,0.0755169,2,0.149124,0.0097906,2,0.416519,0.0981026,2,0.954685,0.00543058,2,0.0176103,0.0233393,2,0.185575,0.0355783,3,0.189215,0.0363791,3,0.174158,0.00378305,3,0.156221,0.0385322,3,0.955453,0.00553868,3,0.547688,0.432899,3,0.231779,0.0122567,3,0.243049,0.0192219,3,0.169169,0.00134796,3,0.17452,0.0302525,3,0.962622,0.00539478,3,0.02595,0.0373665,3
9p,0.918375,0.00373269,3,0.920041,0.00264298,3,0.057449,0.00131953,3,0.915724,0.0128762,3,0.931388,0.0231096,3,0.072735,0.10638,3,0.668337,0.0355151,2,0.674625,0.0319146,2,0.11574,0.00620557,2,0.698508,0.0565155,2,0.923963,0.0206376,2,0.0677619,0.0889782,2,0.356458,0.136358,3,0.364229,0.143059,3,0.160741,0.0169785,3,0.233024,0.109056,3,0.955453,0.0076805,3,0.119509,0.193515,3,0.2626,0.132957,3,0.272417,0.126101,3,0.172252,0.0152594,3,0.199656,0.110335,3,0.952893,0.00319744,3,0.604841,0.436643,3
9q,0.873563,0.00414767,3,0.875104,0.00376545,3,0.0695242,0.00114249,3,0.856856,0.0152403,3,0.952381,0.00855262,3,0.281652,0.313803,3,0.330947,0.291873,2,0.338529,0.300189,2,0.157982,0.0353207,2,0.302531,0.360143,2,0.970046,0.00108612,2,0.410277,0.580219,2,0.139159,0.061666,3,0.154177,0.0745115,3,0.181347,0.00656862,3,0.118922,0.0750846,3,0.960061,0.0030725,3,0.390208,0.407268,3,0.156073,0.0429174,3,0.160847,0.0432417,3,0.179596,0.00458427,3,0.0932498,0.0760082,3,0.96723,0.00319744,3,0.391802,0.515398,3
10p,0.922582,0.00187869,3,0.92345,0.00238112,3,0.0563289,0.000681382,3,0.920694,0.00818306,3,0.92934,0.020146,3,0.0243036,0.0210668,3,0.740352,0.00741614,2,0.741777,0.00756816,2,0.103158,0.00147361,2,0.777514,0.0167033,2,0.908602,0.011948,2,0.0626701,0.088449,2,0.4118,0.0250446,3,0.42444,0.0269722,3,0.155249,0.00328738,3,0.373893,0.0717518,3,0.942652,0.0139379,3,0.0194687,0.0294906,3,0.213127,0.0467262,3,0.218772,0.0468329,3,0.179538,0.00532502,3,0.106024,0.0326238,3,0.959037,0.00639544,3,0.139568,0.099152,3
10q,0.870547,0.00379975,3,0.872776,0.0039029,3,0.0736474,0.00108185,3,0.843322,0.0185916,3,0.948285,0.00773156,3,0.184483,0.319016,3,0.433004,0.185205,2,0.436378,0.183808,2,0.153097,0.0253469,2,0.390813,0.220734,2,0.949309,0.00434446,2,0.427164,0.169944,2,0.141197,0.0626216,3,0.146533,0.0628297,3,0.189622,0.00688342,3,0.0464899,0.0598645,3,0.947773,0.001536,3,0.904448,0.119362,3,0.148711,0.0500844,3,0.153054,0.0522554,3,0.188819,0.00556259,3,0.0865811,0.0430187,3,0.947773,0.00553854,3,0.28943,0.251902,3
11p,0.90855,0.00253174,3,0.909513,0.0020738,3,0.0564958,0.000784259,3,0.912068,0.0105084,3,0.93446,0.0217421,3,0.167264,0.233752,3,0.562903,0.0752666,2,0.576356,0.0813173,2,0.123291,0.0106547,2,0.644368,0.0828955,2,0.939324,0.0141209,2,0.00127069,0.00179649,2,0.254903,0.182605,3,0.263417,0.188145,3,0.160416,0.0203154,3,0.26902,0.253402,3,0.951869,0.018197,3,0.225532,0.355392,3,0.145072,0.0418183,3,0.14846,0.0390392,3,0.172715,0.00424981,3,0.129194,0.0322876,3,0.963646,0.00692669,3,0.112436,0.0957811,3
11q,0.886096,0.00450018,3,0.888346,0.00243937,3,0.0673234,0.00132293,3,0.867312,0.0125693,3,0.945213,0.00581577,3,0.181035,0.273335,3,0.413221,0.0986555,2,0.414695,0.0976486,2,0.152552,0.0128701,2,0.447049,0.115394,2,0.949309,0.00217223,2,0.254924,0.11199,2,0.217374,0.0587741,3,0.22503,0.0590738,3,0.176413,0.00656139,3,0.174201,0.0653695,3,0.955453,0.00266043,3,0.313247,0.490463,3,0.16604,0.0812091,3,0.173568,0.0893968,3,0.182042,0.00899691,3,0.164401,0.0075404,3,0.955965,0.00757748,3,0.108639,0.12126,3
12p,0.935702,0.00645104,3,0.939356,0.00280073,3,0.0519007,0.00257122,3,0.927639,0.00791938,3,0.923195,0.0319638,3,0.287232,0.497499,3,0.771262,0.0362166,2,0.776519,0.0413297,2,0.0978169,0.00776835,2,0.785565,0.0512433,2,0.927035,0.0162924,2,0.171327,0.242292,2,0.460557,0.0657233,3,0.46495,0.0670918,3,0.150264,0.00922716,3,0.415958,0.0749985,3,0.955965,0.0107895,3,0.139648,0.136655,3,0.130309,0.0769073,3,0.152499,0.0832677,3,0.190907,0.00852612,3,0.113937,0.0384217,3,0.940604,0.00386552,3,0.037378,0.0642437,3
12q,0.88105,0.00505119,3,0.882519,0.00298953,3,0.0690689,0.00145858,3,0.857149,0.0154309,3,0.959037,0.0104559,3,0.269517,0.23511,3,0.433454,0.0243478,2,0.438859,0.026064,2,0.150741,0.00323996,2,0.42161,0.0509067,2,0.943933,0.00543129,2,0.00990078,0.00464713,2,0.216037,0.0249597,3,0.229906,0.0255689,3,0.177328,0.00283544,3,0.204749,0.0213066,3,0.952381,0.00855307,3,0.0613612,0.0841109,3,0.190649,0.110215,3,0.207616,0.11375,3,0.179921,0.0120702,3,0.172568,0.122777,3,0.951869,0.00234628,3,0.00298484,0.00439096,3
13p,0.946485,0.00250773,3,0.947513,0.00226564,3,0.0452112,0.00106665,3,0.941457,0.00968305,3,0.935484,0.0317418,3,0.0119624,0.0193437,3,0.819728,0.000555079,2,0.821843,0.0024077,2,0.0829951,0.000127703,2,0.86353,0.0143338,2,0.894777,0.0206376,2,0.00177009,0.00249382,2,0.662165,0.0350812,3,0.679832,0.049913,3,0.113517,0.00581987,3,0.660744,0.107999,3,0.93702,0.0415883,3,0.249706,0.416049,3,0.175165,0.0739316,3,0.176399,0.0750856,3,0.177413,0.0079165,3,0.117583,0.0795816,3,0.955453,0.00406387,3,0.459001,0.397943,3
13q,0.877312,0.00772754,3,0.885996,0.00138934,3,0.0710401,0.00225049,3,0.862378,0.0156778,3,0.955453,0.00798129,3,0.00330309,0.00572086,3,0.574653,0.0617898,2,0.583527,0.057043,2,0.132143,0.00962372,2,0.583445,0.0598071,2,0.93702,0,2,0.00399834,0.00480093,2,0.201577,0.0778994,3,0.208872,0.0785982,3,0.181141,0.00890717,3,0.175771,0.0427839,3,0.949309,0.00812813,3,0.226907,0.330987,3,0.149988,0.0696784,3,0.156205,0.0645362,3,0.186944,0.00776085,3,0.150423,0.0941432,3,0.956477,0.0046931,3,0.144599,0.0990398,3
14p,0.93313,0.00310345,3,0.934049,0.00234616,3,0.0548531,0.0012763,3,0.937306,0.00481805,3,0.917051,0.017715,3,0.0324653,0.0560727,3,0.79516,0.0257656,2,0.799485,0.0267025,2,0.0959265,0.00604506,2,0.831964,0.0323409,2,0.891706,0.00977575,2,2.49764e-06,3.52522e-06,2,0.711084,0.0306976,3,0.722124,0.0300191,3,0.113933,0.00597365,3,0.722829,0.0452741,3,0.906298,0.0100732,3,5.88621e-06,6.47705e-06,3,0.201565,0.148274,3,0.211522,0.15586,3,0.189027,0.017647,3,0.14543,0.102341,3,0.934972,0.00177362,3,0.398235,0.405082,3
14q,0.888451,0.00437759,3,0.890069,0.00428949,3,0.0698296,0.00136692,3,0.867584,0.0151423,3,0.952893,0.0132439,3,0.233075,0.387398,3,0.441285,0.118282,2,0.450802,0.126151,2,0.155859,0.0165908,2,0.46658,0.10426,2,0.93702,0.00868893,2,0.027304,0.0385195,2,0.198591,0.0580831,3,0.212818,0.0586845,3,0.187111,0.00675258,3,0.175767,0.0643225,3,0.935996,0.00493755,3,0.0104422,0.00920684,3,0.184689,0.127893,3,0.190131,0.13437,3,0.188417,0.0149003,3,0.0879741,0.113447,3,0.954429,0.00177362,3,0.443808,0.378426,3
15p,0.947733,0.00227097,3,0.948319,0.00205361,3,0.0458891,0.000992159,3,0.937508,0.00656993,3,0.93958,0.0084602,3,0.354005,0.558861,3,0.805726,0.0075618,2,0.810809,0.00218779,2,0.0884769,0.0017223,2,0.840831,0.0250669,2,0.896313,0.0162924,2,4.73085e-05,6.69042e-05,2,0.666213,0.0829581,3,0.693247,0.067671,3,0.115411,0.0141013,3,0.647072,0.086453,3,0.935996,0.0128828,3,5.40922e-07,6.043e-07,3,0.0803474,0.0368737,3,0.0829222,0.0381882,3,0.192494,0.00384002,3,0.0279402,0.0414291,3,0.960574,0.0017742,3,0.294799,0.128417,3
15q,0.887651,0.0019298,3,0.888812,0.00213485,3,0.0642088,0.000550831,3,0.872895,0.0177981,3,0.955453,0.015361,3,0.176037,0.225613,3,0.259331,0.0390182,2,0.261114,0.0413551,2,0.164838,0.00434305,2,0.225025,0.0776417,2,0.959294,0.00543129,2,0.61935,0.182073,2,0.2156,0.0739502,3,0.222151,0.0803734,3,0.169541,0.00790971,3,0.151612,0.0612786,3,0.958525,0.00669584,3,0.269246,0.101424,3,0.0899106,0.0502548,3,0.0913001,0.0491681,3,0.182706,0.00503376,3,0.0307622,0.0373326,3,0.963133,0.00532144,3,0.391039,0.190173,3
16p,0.928651,0.00157713,3,0.929446,0.00100363,3,0.0545851,0.000602477,3,0.92927,0.00817648,3,0.917563,0.0147604,3,0.00444075,0.00460797,3,0.747494,0.0531483,2,0.757127,0.040863,2,0.102405,0.0108375,2,0.767596,0.0798111,2,0.915515,0.0412745,2,0.00343589,0.00485895,2,0.382061,0.178272,3,0.388154,0.173374,3,0.159521,0.0232494,3,0.374772,0.138507,3,0.943164,0.0061445,3,0.0436556,0.0630968,3,0.118377,0.0351723,3,0.126464,0.0392714,3,0.191859,0.00384993,3,0.106168,0.0279667,3,0.944189,0.00620825,3,0.198346,0.326711,3
16q,0.925031,0.000392696,3,0.928665,0.00154005,3,0.0544178,0.000142413,3,0.902187,0.0156996,3,0.958525,0.023945,3,0.000161644,0.000279706,3,0.516106,0.245004,2,0.518721,0.243967,2,0.135942,0.035595,2,0.521612,0.269816,2,0.950845,0.0065167,2,0.0395934,0.00604548,2,0.316858,0.137393,3,0.328753,0.151234,3,0.163681,0.0170069,3,0.303162,0.20867,3,0.951357,0.0139383,3,0.378073,0.4327,3,0.12383,0.0428377,3,0.126368,0.0439322,3,0.185998,0.00456816,3,0.076208,0.0174402,3,0.954941,0.00493755,3,0.672982,0.151021,3
17p,0.942008,0.00277691,3,0.942596,0.00311433,3,0.0485865,0.00115659,3,0.934271,0.0111507,3,0.950333,0.0241091,3,0.122097,0.205187,3,0.796604,0.00163412,2,0.803357,0.00643467,2,0.0910085,0.000365645,2,0.832947,0.0111659,2,0.900154,0.00434517,2,0.000597805,0.000845424,2,0.687584,0.00489548,3,0.702621,0.0184991,3,0.11279,0.000885219,3,0.664705,0.0328681,3,0.935484,0.0191858,3,0.0315153,0.0545564,3,0.115309,0.0682057,3,0.118348,0.0655593,3,0.18971,0.00736166,3,0.109701,0.0349838,3,0.945212,0.00938566,3,0.358517,0.487735,3
17q,0.909778,0.00169966,3,0.911569,0.0013365,3,0.0598843,0.000564225,3,0.90633,0.014526,3,0.940092,0.0229391,3,0.0495196,0.0587471,3,0.532397,0.252063,2,0.534969,0.249326,2,0.133737,0.0374597,2,0.541972,0.303773,2,0.936252,0.00543058,2,0.323666,0.0930065,2,0.257984,0.108331,3,0.268611,0.115828,3,0.171447,0.0123173,3,0.217933,0.0961671,3,0.952893,0.00925956,3,0.297157,0.244758,3,0.08132,0.0326085,3,0.0897673,0.0372324,3,0.191076,0.00340151,3,0.0565028,0.0200155,3,0.952893,0.00319744,3,0.348717,0.49609,3
18p,0.93524,0.00236347,3,0.936884,0.000980014,3,0.0503376,0.000914071,3,0.944241,0.00949641,3,0.923707,0.0184543,3,0.00038183,0.000459552,3,0.766418,0.0361798,2,0.766988,0.0368099,2,0.0954664,0.00741557,2,0.820798,0.0249425,2,0.910138,0.00543058,2,0.00334511,0.00394958,2,0.625025,0.0631915,3,0.641803,0.0654845,3,0.120864,0.00999783,3,0.643884,0.116369,3,0.930875,0.0306837,3,0.0652191,0.102474,3,0.166756,0.0720768,3,0.17012,0.0741127,3,0.180468,0.00780586,3,0.103643,0.0321485,3,0.956477,0.00234628,3,0.62057,0.256097,3
18q,0.897874,0.00151,3,0.90056,0.00105227,3,0.0594833,0.000439531,3,0.908639,0.00980216,3,0.950845,0.0115975,3,0.00571402,0.00945579,3,0.345901,0.0771404,2,0.353527,0.0831105,2,0.150411,0.0088848,2,0.411804,0.149564,2,0.947005,0.0141202,2,0.133183,0.178671,2,0.253995,0.114502,3,0.27473,0.0987897,3,0.160449,0.0124352,3,0.290096,0.0471598,3,0.960061,0.014653,3,0.276113,0.288128,3,0.0861335,0.0290432,3,0.0940425,0.0331663,3,0.177926,0.0028183,3,0.0890461,0.0149859,3,0.970302,0.00088681,3,0.0604922,0.0569341,3
19p,0.944352,0.00184073,3,0.944768,0.00148999,3,0.0478957,0.000792534,3,0.945594,0.00716489,3,0.929851,0.0164251,3,0.108703,0.187965,3,0.765556,0.0120837,2,0.778145,0.00478075,2,0.0983011,0.0025342,2,0.836237,0.0109835,2,0.903994,0.00325835,2,6.0228e-05,8.51753e-05,2,0.682034,0.0745691,3,0.694305,0.0762031,3,0.113976,0.0133786,3,0.711053,0.103377,3,0.913979,0.0336892,3,0.00164408,0.00278171,3,0.119067,0.0421779,3,0.134885,0.0367761,3,0.190546,0.00453201,3,0.151653,0.0134139,3,0.945725,0.000887387,3,0.00424555,0.00388533,3
19q,0.921007,0.00545633,3,0.922833,0.00406206,3,0.056809,0.001983,3,0.926563,0.0132418,3,0.926779,0.00873448,3,0.00697555,0.0117998,3,0.675156,0.0762883,2,0.678212,0.0756576,2,0.114848,0.01358,2,0.714163,0.11564,2,0.925499,0.0228099,2,0.0433066,0.0610923,2,0.583469,0.0860453,3,0.598637,0.0888884,3,0.130057,0.0132087,3,0.617554,0.112685,3,0.929852,0.0257648,3,0.048051,0.0670441,3,0.0897275,0.0358555,3,0.104734,0.0350457,3,0.192898,0.0038136,3,0.0962274,0.031488,3,0.947773,0.001536,3,0.00714806,0.0101735,3
20p,0.926425,0.00404375,3,0.927599,0.00416485,3,0.0549792,0.00152314,3,0.928906,0.0123351,3,0.93702,0.0148136,3,0.158296,0.274084,3,0.776079,0.00050346,2,0.780153,0.00408213,2,0.0959384,0.000107834,2,0.832114,0.0100239,2,0.887096,0.00760352,2,0.00573161,0.00810569,2,0.549507,0.0771244,3,0.562412,0.0898102,3,0.135756,0.0114654,3,0.55403,0.118695,3,0.923707,0.0185817,3,0.166064,0.279287,3,0.142443,0.00439097,3,0.160507,0.00263887,3,0.187748,0.000480435,3,0.134845,0.0272823,3,0.948797,0.00925904,3,0.31726,0.268265,3
20q,0.921883,0.00510734,3,0.92368,0.00441667,3,0.0534527,0.00175983,3,0.917981,0.0150339,3,0.932924,0.00620821,3,0.104019,0.176028,3,0.640132,0.0401962,2,0.640461,0.0399982,2,0.114679,0.00641487,2,0.710113,0.0113979,2,0.940092,0.0130341,2,0.0729518,0.0869999,2,0.445196,0.0605773,3,0.461629,0.0452158,3,0.142364,0.0076896,3,0.426516,0.062846,3,0.964158,0.0139385,3,0.22719,0.328287,3,0.118003,0.0375957,3,0.119204,0.0369202,3,0.179648,0.00382407,3,0.119413,0.0271441,3,0.96723,0.00234628,3,0.45825,0.0558907,3
21p,0.931226,0.00201814,3,0.932259,0.00220115,3,0.0504597,0.000740201,3,0.937415,0.00772552,3,0.926267,0.0160375,3,0.0151115,0.0249507,3,0.786447,0.00220547,2,0.791899,0.00937694,2,0.0889226,0.000459266,2,0.852447,0.00106632,2,0.894778,0.0141202,2,0.0001041,0.00014722,2,0.713497,0.0508879,3,0.738253,0.0501915,3,0.10271,0.00941823,3,0.752636,0.0763986,3,0.917051,0.0325131,3,0.0577726,0.0921118,3,0.144077,0.0344314,3,0.153001,0.0305636,3,0.178001,0.00359372,3,0.15401,0.0865864,3,0.953917,0.006144,3,0.141243,0.231303,3
21q,0.930023,0.00327357,3,0.932567,0.00167029,3,0.0538033,0.00125115,3,0.917145,0.00948258,3,0.954429,0.0102282,3,0.0523647,0.0906826,3,0.668478,0.0300655,2,0.679536,0.0170236,2,0.117068,0.00531391,2,0.676519,0.00786798,2,0.942396,0.00977575,2,0.132014,0.186696,2,0.599432,0.0792795,3,0.606832,0.0840461,3,0.128324,0.0128163,3,0.54135,0.14329,3,0.953917,0.0151288,3,0.157896,0.153003,3,0.140237,0.0616312,3,0.160224,0.0666517,3,0.188542,0.00683162,3,0.0795702,0.0790159,3,0.954429,0.00319744,3,0.0181159,0.0164343,3
22p,0.943172,0.00480017,3,0.946407,0.003134,3,0.0484736,0.00204391,3,0.937529,0.0105458,3,0.921147,0.0130645,3,3.60592e-08,2.91275e-08,3,0.834418,0.0113158,2,0.836082,0.00966191,2,0.0827674,0.00282977,2,0.877565,0.0107431,2,0.886329,0,2,2.77264e-06,3.06719e-06,2,0.754419,0.016139,3,0.768289,0.012225,3,0.10079,0.00334597,3,0.745223,0.023442,3,0.935484,0.0159632,3,0.00286936,0.00424631,3,0.143856,0.0285063,3,0.148203,0.0308744,3,0.188241,0.00312077,3,0.0832021,0.0218936,3,0.953917,0.00266043,3,0.474071,0.395134,3
22q,0.924589,0.00792412,3,0.927695,0.00404014,3,0.0556019,0.00289804,3,0.915122,0.0101736,3,0.935484,0.004608,3,0.204504,0.182381,3,0.755583,0.0156271,2,0.759758,0.0193288,2,0.100166,0.00320348,2,0.784794,0.0484722,2,0.931643,0.00760352,2,0.0135756,0.0191988,2,0.543518,0.201185,3,0.554046,0.211508,3,0.134698,0.0301083,3,0.520925,0.249118,3,0.941116,0.0236149,3,0.274815,0.238017,3,0.11351,0.0333987,3,0.118762,0.0326473,3,0.190788,0.00358037,3,0.102527,0.0455612,3,0.952893,0.00539425,3,0.381835,0.409761,3
